{
  "atm_strike": 7325.0,
  "atm_iv_pct": 14.01,
  "spot": 7289.35,
  "parity_estimates": [
    {
      "strike": 7325.0,
      "call_last": 188.11,
      "put_last": 205.8,
      "call_delta": 0.4967272587369486,
      "estimate": 7307.31
    },
    {
      "strike": 7335.0,
      "call_last": 151.0,
      "put_last": 214.6,
      "call_delta": 0.4880031465938422,
      "estimate": 7271.4
    }
  ]
}